,date,year,month,day,weekday,weekday_name,weeknumber,is_weekend,is_business_day,is_holiday,holiday_name
0,2013-01-01,2013,1,1,2,Tuesday,1,False,False,True,Новый год Novy god
1,2013-01-02,2013,1,2,3,Wednesday,1,False,False,True,Новый год
2,2013-01-03,2013,1,3,4,Thursday,1,False,False,True,Новый год
3,2013-01-04,2013,1,4,5,Friday,1,False,False,True,Новый год
4,2013-01-05,2013,1,5,6,Saturday,1,True,False,True,Новый год
5,2013-01-06,2013,1,6,7,Sunday,1,True,False,True,Новый год
6,2013-01-07,2013,1,7,1,Monday,2,False,False,True,Рождество Христово Rozhdestvo Khristovo
7,2013-01-08,2013,1,8,2,Tuesday,2,False,False,True,Новый год
8,2013-01-09,2013,1,9,3,Wednesday,2,False,True,False,
9,2013-01-10,2013,1,10,4,Thursday,2,False,True,False,
10,2013-01-11,2013,1,11,5,Friday,2,False,True,False,
11,2013-01-12,2013,1,12,6,Saturday,2,True,False,False,
12,2013-01-13,2013,1,13,7,Sunday,2,True,False,False,
13,2013-01-14,2013,1,14,1,Monday,3,False,True,False,
14,2013-01-15,2013,1,15,2,Tuesday,3,False,True,False,
15,2013-01-16,2013,1,16,3,Wednesday,3,False,True,False,
16,2013-01-17,2013,1,17,4,Thursday,3,False,True,False,
17,2013-01-18,2013,1,18,5,Friday,3,False,True,False,
18,2013-01-19,2013,1,19,6,Saturday,3,True,False,False,
19,2013-01-20,2013,1,20,7,Sunday,3,True,False,False,
20,2013-01-21,2013,1,21,1,Monday,4,False,True,False,
21,2013-01-22,2013,1,22,2,Tuesday,4,False,True,False,
22,2013-01-23,2013,1,23,3,Wednesday,4,False,True,False,
23,2013-01-24,2013,1,24,4,Thursday,4,False,True,False,
24,2013-01-25,2013,1,25,5,Friday,4,False,True,False,
25,2013-01-26,2013,1,26,6,Saturday,4,True,False,False,
26,2013-01-27,2013,1,27,7,Sunday,4,True,False,False,
27,2013-01-28,2013,1,28,1,Monday,5,False,True,False,
28,2013-01-29,2013,1,29,2,Tuesday,5,False,True,False,
29,2013-01-30,2013,1,30,3,Wednesday,5,False,True,False,
30,2013-01-31,2013,1,31,4,Thursday,5,False,True,False,
31,2013-02-01,2013,2,1,5,Friday,5,False,True,False,
32,2013-02-02,2013,2,2,6,Saturday,5,True,False,False,
33,2013-02-03,2013,2,3,7,Sunday,5,True,False,False,
34,2013-02-04,2013,2,4,1,Monday,6,False,True,False,
35,2013-02-05,2013,2,5,2,Tuesday,6,False,True,False,
36,2013-02-06,2013,2,6,3,Wednesday,6,False,True,False,
37,2013-02-07,2013,2,7,4,Thursday,6,False,True,False,
38,2013-02-08,2013,2,8,5,Friday,6,False,True,False,
39,2013-02-09,2013,2,9,6,Saturday,6,True,False,False,
40,2013-02-10,2013,2,10,7,Sunday,6,True,False,False,
41,2013-02-11,2013,2,11,1,Monday,7,False,True,False,
42,2013-02-12,2013,2,12,2,Tuesday,7,False,True,False,
43,2013-02-13,2013,2,13,3,Wednesday,7,False,True,False,
44,2013-02-14,2013,2,14,4,Thursday,7,False,True,False,
45,2013-02-15,2013,2,15,5,Friday,7,False,True,False,
46,2013-02-16,2013,2,16,6,Saturday,7,True,False,False,
47,2013-02-17,2013,2,17,7,Sunday,7,True,False,False,
48,2013-02-18,2013,2,18,1,Monday,8,False,True,False,
49,2013-02-19,2013,2,19,2,Tuesday,8,False,True,False,
50,2013-02-20,2013,2,20,3,Wednesday,8,False,True,False,
51,2013-02-21,2013,2,21,4,Thursday,8,False,True,False,
52,2013-02-22,2013,2,22,5,Friday,8,False,True,False,
53,2013-02-23,2013,2,23,6,Saturday,8,True,False,True,День защитника Отечества Den zashchitnika Otechestva
54,2013-02-24,2013,2,24,7,Sunday,8,True,False,False,
55,2013-02-25,2013,2,25,1,Monday,9,False,True,False,
56,2013-02-26,2013,2,26,2,Tuesday,9,False,True,False,
57,2013-02-27,2013,2,27,3,Wednesday,9,False,True,False,
58,2013-02-28,2013,2,28,4,Thursday,9,False,True,False,
59,2013-03-01,2013,3,1,5,Friday,9,False,True,False,
60,2013-03-02,2013,3,2,6,Saturday,9,True,False,False,
61,2013-03-03,2013,3,3,7,Sunday,9,True,False,False,
62,2013-03-04,2013,3,4,1,Monday,10,False,True,False,
63,2013-03-05,2013,3,5,2,Tuesday,10,False,True,False,
64,2013-03-06,2013,3,6,3,Wednesday,10,False,True,False,
65,2013-03-07,2013,3,7,4,Thursday,10,False,True,False,
66,2013-03-08,2013,3,8,5,Friday,10,False,False,True,Междунаро́дный же́нский день
67,2013-03-09,2013,3,9,6,Saturday,10,True,False,False,
68,2013-03-10,2013,3,10,7,Sunday,10,True,False,False,
69,2013-03-11,2013,3,11,1,Monday,11,False,True,False,
70,2013-03-12,2013,3,12,2,Tuesday,11,False,True,False,
71,2013-03-13,2013,3,13,3,Wednesday,11,False,True,False,
72,2013-03-14,2013,3,14,4,Thursday,11,False,True,False,
73,2013-03-15,2013,3,15,5,Friday,11,False,True,False,
74,2013-03-16,2013,3,16,6,Saturday,11,True,False,False,
75,2013-03-17,2013,3,17,7,Sunday,11,True,False,False,
76,2013-03-18,2013,3,18,1,Monday,12,False,True,False,
77,2013-03-19,2013,3,19,2,Tuesday,12,False,True,False,
78,2013-03-20,2013,3,20,3,Wednesday,12,False,True,False,
79,2013-03-21,2013,3,21,4,Thursday,12,False,True,False,
80,2013-03-22,2013,3,22,5,Friday,12,False,True,False,
81,2013-03-23,2013,3,23,6,Saturday,12,True,False,False,
82,2013-03-24,2013,3,24,7,Sunday,12,True,False,False,
83,2013-03-25,2013,3,25,1,Monday,13,False,True,False,
84,2013-03-26,2013,3,26,2,Tuesday,13,False,True,False,
85,2013-03-27,2013,3,27,3,Wednesday,13,False,True,False,
86,2013-03-28,2013,3,28,4,Thursday,13,False,True,False,
87,2013-03-29,2013,3,29,5,Friday,13,False,True,False,
88,2013-03-30,2013,3,30,6,Saturday,13,True,False,False,
89,2013-03-31,2013,3,31,7,Sunday,13,True,False,False,
90,2013-04-01,2013,4,1,1,Monday,14,False,True,False,
91,2013-04-02,2013,4,2,2,Tuesday,14,False,True,False,
92,2013-04-03,2013,4,3,3,Wednesday,14,False,True,False,
93,2013-04-04,2013,4,4,4,Thursday,14,False,True,False,
94,2013-04-05,2013,4,5,5,Friday,14,False,True,False,
95,2013-04-06,2013,4,6,6,Saturday,14,True,False,False,
96,2013-04-07,2013,4,7,7,Sunday,14,True,False,False,
97,2013-04-08,2013,4,8,1,Monday,15,False,True,False,
98,2013-04-09,2013,4,9,2,Tuesday,15,False,True,False,
99,2013-04-10,2013,4,10,3,Wednesday,15,False,True,False,
100,2013-04-11,2013,4,11,4,Thursday,15,False,True,False,
101,2013-04-12,2013,4,12,5,Friday,15,False,True,False,
102,2013-04-13,2013,4,13,6,Saturday,15,True,False,False,
103,2013-04-14,2013,4,14,7,Sunday,15,True,False,False,
104,2013-04-15,2013,4,15,1,Monday,16,False,True,False,
105,2013-04-16,2013,4,16,2,Tuesday,16,False,True,False,
106,2013-04-17,2013,4,17,3,Wednesday,16,False,True,False,
107,2013-04-18,2013,4,18,4,Thursday,16,False,True,False,
108,2013-04-19,2013,4,19,5,Friday,16,False,True,False,
109,2013-04-20,2013,4,20,6,Saturday,16,True,False,False,
110,2013-04-21,2013,4,21,7,Sunday,16,True,False,False,
111,2013-04-22,2013,4,22,1,Monday,17,False,True,False,
112,2013-04-23,2013,4,23,2,Tuesday,17,False,True,False,
113,2013-04-24,2013,4,24,3,Wednesday,17,False,True,False,
114,2013-04-25,2013,4,25,4,Thursday,17,False,True,False,
115,2013-04-26,2013,4,26,5,Friday,17,False,True,False,
116,2013-04-27,2013,4,27,6,Saturday,17,True,False,False,
117,2013-04-28,2013,4,28,7,Sunday,17,True,False,False,
118,2013-04-29,2013,4,29,1,Monday,18,False,True,False,
119,2013-04-30,2013,4,30,2,Tuesday,18,False,True,False,
120,2013-05-01,2013,5,1,3,Wednesday,18,False,False,True,День весны и труда
121,2013-05-02,2013,5,2,4,Thursday,18,False,True,False,
122,2013-05-03,2013,5,3,5,Friday,18,False,True,False,
123,2013-05-04,2013,5,4,6,Saturday,18,True,False,False,
124,2013-05-05,2013,5,5,7,Sunday,18,True,False,False,
125,2013-05-06,2013,5,6,1,Monday,19,False,True,False,
126,2013-05-07,2013,5,7,2,Tuesday,19,False,True,False,
127,2013-05-08,2013,5,8,3,Wednesday,19,False,True,False,
128,2013-05-09,2013,5,9,4,Thursday,19,False,False,True,День Победы
129,2013-05-10,2013,5,10,5,Friday,19,False,True,False,
130,2013-05-11,2013,5,11,6,Saturday,19,True,False,False,
131,2013-05-12,2013,5,12,7,Sunday,19,True,False,False,
132,2013-05-13,2013,5,13,1,Monday,20,False,True,False,
133,2013-05-14,2013,5,14,2,Tuesday,20,False,True,False,
134,2013-05-15,2013,5,15,3,Wednesday,20,False,True,False,
135,2013-05-16,2013,5,16,4,Thursday,20,False,True,False,
136,2013-05-17,2013,5,17,5,Friday,20,False,True,False,
137,2013-05-18,2013,5,18,6,Saturday,20,True,False,False,
138,2013-05-19,2013,5,19,7,Sunday,20,True,False,False,
139,2013-05-20,2013,5,20,1,Monday,21,False,True,False,
140,2013-05-21,2013,5,21,2,Tuesday,21,False,True,False,
141,2013-05-22,2013,5,22,3,Wednesday,21,False,True,False,
142,2013-05-23,2013,5,23,4,Thursday,21,False,True,False,
143,2013-05-24,2013,5,24,5,Friday,21,False,True,False,
144,2013-05-25,2013,5,25,6,Saturday,21,True,False,False,
145,2013-05-26,2013,5,26,7,Sunday,21,True,False,False,
146,2013-05-27,2013,5,27,1,Monday,22,False,True,False,
147,2013-05-28,2013,5,28,2,Tuesday,22,False,True,False,
148,2013-05-29,2013,5,29,3,Wednesday,22,False,True,False,
149,2013-05-30,2013,5,30,4,Thursday,22,False,True,False,
150,2013-05-31,2013,5,31,5,Friday,22,False,True,False,
151,2013-06-01,2013,6,1,6,Saturday,22,True,False,False,
152,2013-06-02,2013,6,2,7,Sunday,22,True,False,False,
153,2013-06-03,2013,6,3,1,Monday,23,False,True,False,
154,2013-06-04,2013,6,4,2,Tuesday,23,False,True,False,
155,2013-06-05,2013,6,5,3,Wednesday,23,False,True,False,
156,2013-06-06,2013,6,6,4,Thursday,23,False,True,False,
157,2013-06-07,2013,6,7,5,Friday,23,False,True,False,
158,2013-06-08,2013,6,8,6,Saturday,23,True,False,False,
159,2013-06-09,2013,6,9,7,Sunday,23,True,False,False,
160,2013-06-10,2013,6,10,1,Monday,24,False,True,False,
161,2013-06-11,2013,6,11,2,Tuesday,24,False,True,False,
162,2013-06-12,2013,6,12,3,Wednesday,24,False,False,True,День России
163,2013-06-13,2013,6,13,4,Thursday,24,False,True,False,
164,2013-06-14,2013,6,14,5,Friday,24,False,True,False,
165,2013-06-15,2013,6,15,6,Saturday,24,True,False,False,
166,2013-06-16,2013,6,16,7,Sunday,24,True,False,False,
167,2013-06-17,2013,6,17,1,Monday,25,False,True,False,
168,2013-06-18,2013,6,18,2,Tuesday,25,False,True,False,
169,2013-06-19,2013,6,19,3,Wednesday,25,False,True,False,
170,2013-06-20,2013,6,20,4,Thursday,25,False,True,False,
171,2013-06-21,2013,6,21,5,Friday,25,False,True,False,
172,2013-06-22,2013,6,22,6,Saturday,25,True,False,False,
173,2013-06-23,2013,6,23,7,Sunday,25,True,False,False,
174,2013-06-24,2013,6,24,1,Monday,26,False,True,False,
175,2013-06-25,2013,6,25,2,Tuesday,26,False,True,False,
176,2013-06-26,2013,6,26,3,Wednesday,26,False,True,False,
177,2013-06-27,2013,6,27,4,Thursday,26,False,True,False,
178,2013-06-28,2013,6,28,5,Friday,26,False,True,False,
179,2013-06-29,2013,6,29,6,Saturday,26,True,False,False,
180,2013-06-30,2013,6,30,7,Sunday,26,True,False,False,
181,2013-07-01,2013,7,1,1,Monday,27,False,True,False,
182,2013-07-02,2013,7,2,2,Tuesday,27,False,True,False,
183,2013-07-03,2013,7,3,3,Wednesday,27,False,True,False,
184,2013-07-04,2013,7,4,4,Thursday,27,False,True,False,
185,2013-07-05,2013,7,5,5,Friday,27,False,True,False,
186,2013-07-06,2013,7,6,6,Saturday,27,True,False,False,
187,2013-07-07,2013,7,7,7,Sunday,27,True,False,False,
188,2013-07-08,2013,7,8,1,Monday,28,False,True,False,
189,2013-07-09,2013,7,9,2,Tuesday,28,False,True,False,
190,2013-07-10,2013,7,10,3,Wednesday,28,False,True,False,
191,2013-07-11,2013,7,11,4,Thursday,28,False,True,False,
192,2013-07-12,2013,7,12,5,Friday,28,False,True,False,
193,2013-07-13,2013,7,13,6,Saturday,28,True,False,False,
194,2013-07-14,2013,7,14,7,Sunday,28,True,False,False,
195,2013-07-15,2013,7,15,1,Monday,29,False,True,False,
196,2013-07-16,2013,7,16,2,Tuesday,29,False,True,False,
197,2013-07-17,2013,7,17,3,Wednesday,29,False,True,False,
198,2013-07-18,2013,7,18,4,Thursday,29,False,True,False,
199,2013-07-19,2013,7,19,5,Friday,29,False,True,False,
200,2013-07-20,2013,7,20,6,Saturday,29,True,False,False,
201,2013-07-21,2013,7,21,7,Sunday,29,True,False,False,
202,2013-07-22,2013,7,22,1,Monday,30,False,True,False,
203,2013-07-23,2013,7,23,2,Tuesday,30,False,True,False,
204,2013-07-24,2013,7,24,3,Wednesday,30,False,True,False,
205,2013-07-25,2013,7,25,4,Thursday,30,False,True,False,
206,2013-07-26,2013,7,26,5,Friday,30,False,True,False,
207,2013-07-27,2013,7,27,6,Saturday,30,True,False,False,
208,2013-07-28,2013,7,28,7,Sunday,30,True,False,False,
209,2013-07-29,2013,7,29,1,Monday,31,False,True,False,
210,2013-07-30,2013,7,30,2,Tuesday,31,False,True,False,
211,2013-07-31,2013,7,31,3,Wednesday,31,False,True,False,
212,2013-08-01,2013,8,1,4,Thursday,31,False,True,False,
213,2013-08-02,2013,8,2,5,Friday,31,False,True,False,
214,2013-08-03,2013,8,3,6,Saturday,31,True,False,False,
215,2013-08-04,2013,8,4,7,Sunday,31,True,False,False,
216,2013-08-05,2013,8,5,1,Monday,32,False,True,False,
217,2013-08-06,2013,8,6,2,Tuesday,32,False,True,False,
218,2013-08-07,2013,8,7,3,Wednesday,32,False,True,False,
219,2013-08-08,2013,8,8,4,Thursday,32,False,True,False,
220,2013-08-09,2013,8,9,5,Friday,32,False,True,False,
221,2013-08-10,2013,8,10,6,Saturday,32,True,False,False,
222,2013-08-11,2013,8,11,7,Sunday,32,True,False,False,
223,2013-08-12,2013,8,12,1,Monday,33,False,True,False,
224,2013-08-13,2013,8,13,2,Tuesday,33,False,True,False,
225,2013-08-14,2013,8,14,3,Wednesday,33,False,True,False,
226,2013-08-15,2013,8,15,4,Thursday,33,False,True,False,
227,2013-08-16,2013,8,16,5,Friday,33,False,True,False,
228,2013-08-17,2013,8,17,6,Saturday,33,True,False,False,
229,2013-08-18,2013,8,18,7,Sunday,33,True,False,False,
230,2013-08-19,2013,8,19,1,Monday,34,False,True,False,
231,2013-08-20,2013,8,20,2,Tuesday,34,False,True,False,
232,2013-08-21,2013,8,21,3,Wednesday,34,False,True,False,
233,2013-08-22,2013,8,22,4,Thursday,34,False,True,False,
234,2013-08-23,2013,8,23,5,Friday,34,False,True,False,
235,2013-08-24,2013,8,24,6,Saturday,34,True,False,False,
236,2013-08-25,2013,8,25,7,Sunday,34,True,False,False,
237,2013-08-26,2013,8,26,1,Monday,35,False,True,False,
238,2013-08-27,2013,8,27,2,Tuesday,35,False,True,False,
239,2013-08-28,2013,8,28,3,Wednesday,35,False,True,False,
240,2013-08-29,2013,8,29,4,Thursday,35,False,True,False,
241,2013-08-30,2013,8,30,5,Friday,35,False,True,False,
242,2013-08-31,2013,8,31,6,Saturday,35,True,False,False,
243,2013-09-01,2013,9,1,7,Sunday,35,True,False,False,
244,2013-09-02,2013,9,2,1,Monday,36,False,True,False,
245,2013-09-03,2013,9,3,2,Tuesday,36,False,True,False,
246,2013-09-04,2013,9,4,3,Wednesday,36,False,True,False,
247,2013-09-05,2013,9,5,4,Thursday,36,False,True,False,
248,2013-09-06,2013,9,6,5,Friday,36,False,True,False,
249,2013-09-07,2013,9,7,6,Saturday,36,True,False,False,
250,2013-09-08,2013,9,8,7,Sunday,36,True,False,False,
251,2013-09-09,2013,9,9,1,Monday,37,False,True,False,
252,2013-09-10,2013,9,10,2,Tuesday,37,False,True,False,
253,2013-09-11,2013,9,11,3,Wednesday,37,False,True,False,
254,2013-09-12,2013,9,12,4,Thursday,37,False,True,False,
255,2013-09-13,2013,9,13,5,Friday,37,False,True,False,
256,2013-09-14,2013,9,14,6,Saturday,37,True,False,False,
257,2013-09-15,2013,9,15,7,Sunday,37,True,False,False,
258,2013-09-16,2013,9,16,1,Monday,38,False,True,False,
259,2013-09-17,2013,9,17,2,Tuesday,38,False,True,False,
260,2013-09-18,2013,9,18,3,Wednesday,38,False,True,False,
261,2013-09-19,2013,9,19,4,Thursday,38,False,True,False,
262,2013-09-20,2013,9,20,5,Friday,38,False,True,False,
263,2013-09-21,2013,9,21,6,Saturday,38,True,False,False,
264,2013-09-22,2013,9,22,7,Sunday,38,True,False,False,
265,2013-09-23,2013,9,23,1,Monday,39,False,True,False,
266,2013-09-24,2013,9,24,2,Tuesday,39,False,True,False,
267,2013-09-25,2013,9,25,3,Wednesday,39,False,True,False,
268,2013-09-26,2013,9,26,4,Thursday,39,False,True,False,
269,2013-09-27,2013,9,27,5,Friday,39,False,True,False,
270,2013-09-28,2013,9,28,6,Saturday,39,True,False,False,
271,2013-09-29,2013,9,29,7,Sunday,39,True,False,False,
272,2013-09-30,2013,9,30,1,Monday,40,False,True,False,
273,2013-10-01,2013,10,1,2,Tuesday,40,False,True,False,
274,2013-10-02,2013,10,2,3,Wednesday,40,False,True,False,
275,2013-10-03,2013,10,3,4,Thursday,40,False,True,False,
276,2013-10-04,2013,10,4,5,Friday,40,False,True,False,
277,2013-10-05,2013,10,5,6,Saturday,40,True,False,False,
278,2013-10-06,2013,10,6,7,Sunday,40,True,False,False,
279,2013-10-07,2013,10,7,1,Monday,41,False,True,False,
280,2013-10-08,2013,10,8,2,Tuesday,41,False,True,False,
281,2013-10-09,2013,10,9,3,Wednesday,41,False,True,False,
282,2013-10-10,2013,10,10,4,Thursday,41,False,True,False,
283,2013-10-11,2013,10,11,5,Friday,41,False,True,False,
284,2013-10-12,2013,10,12,6,Saturday,41,True,False,False,
285,2013-10-13,2013,10,13,7,Sunday,41,True,False,False,
286,2013-10-14,2013,10,14,1,Monday,42,False,True,False,
287,2013-10-15,2013,10,15,2,Tuesday,42,False,True,False,
288,2013-10-16,2013,10,16,3,Wednesday,42,False,True,False,
289,2013-10-17,2013,10,17,4,Thursday,42,False,True,False,
290,2013-10-18,2013,10,18,5,Friday,42,False,True,False,
291,2013-10-19,2013,10,19,6,Saturday,42,True,False,False,
292,2013-10-20,2013,10,20,7,Sunday,42,True,False,False,
293,2013-10-21,2013,10,21,1,Monday,43,False,True,False,
294,2013-10-22,2013,10,22,2,Tuesday,43,False,True,False,
295,2013-10-23,2013,10,23,3,Wednesday,43,False,True,False,
296,2013-10-24,2013,10,24,4,Thursday,43,False,True,False,
297,2013-10-25,2013,10,25,5,Friday,43,False,True,False,
298,2013-10-26,2013,10,26,6,Saturday,43,True,False,False,
299,2013-10-27,2013,10,27,7,Sunday,43,True,False,False,
300,2013-10-28,2013,10,28,1,Monday,44,False,True,False,
301,2013-10-29,2013,10,29,2,Tuesday,44,False,True,False,
302,2013-10-30,2013,10,30,3,Wednesday,44,False,True,False,
303,2013-10-31,2013,10,31,4,Thursday,44,False,True,False,
304,2013-11-01,2013,11,1,5,Friday,44,False,True,False,
305,2013-11-02,2013,11,2,6,Saturday,44,True,False,False,
306,2013-11-03,2013,11,3,7,Sunday,44,True,False,False,
307,2013-11-04,2013,11,4,1,Monday,45,False,False,True,День народного единства
308,2013-11-05,2013,11,5,2,Tuesday,45,False,True,False,
309,2013-11-06,2013,11,6,3,Wednesday,45,False,True,False,
310,2013-11-07,2013,11,7,4,Thursday,45,False,True,False,
311,2013-11-08,2013,11,8,5,Friday,45,False,True,False,
312,2013-11-09,2013,11,9,6,Saturday,45,True,False,False,
313,2013-11-10,2013,11,10,7,Sunday,45,True,False,False,
314,2013-11-11,2013,11,11,1,Monday,46,False,True,False,
315,2013-11-12,2013,11,12,2,Tuesday,46,False,True,False,
316,2013-11-13,2013,11,13,3,Wednesday,46,False,True,False,
317,2013-11-14,2013,11,14,4,Thursday,46,False,True,False,
318,2013-11-15,2013,11,15,5,Friday,46,False,True,False,
319,2013-11-16,2013,11,16,6,Saturday,46,True,False,False,
320,2013-11-17,2013,11,17,7,Sunday,46,True,False,False,
321,2013-11-18,2013,11,18,1,Monday,47,False,True,False,
322,2013-11-19,2013,11,19,2,Tuesday,47,False,True,False,
323,2013-11-20,2013,11,20,3,Wednesday,47,False,True,False,
324,2013-11-21,2013,11,21,4,Thursday,47,False,True,False,
325,2013-11-22,2013,11,22,5,Friday,47,False,True,False,
326,2013-11-23,2013,11,23,6,Saturday,47,True,False,False,
327,2013-11-24,2013,11,24,7,Sunday,47,True,False,False,
328,2013-11-25,2013,11,25,1,Monday,48,False,True,False,
329,2013-11-26,2013,11,26,2,Tuesday,48,False,True,False,
330,2013-11-27,2013,11,27,3,Wednesday,48,False,True,False,
331,2013-11-28,2013,11,28,4,Thursday,48,False,True,False,
332,2013-11-29,2013,11,29,5,Friday,48,False,True,False,
333,2013-11-30,2013,11,30,6,Saturday,48,True,False,False,
334,2013-12-01,2013,12,1,7,Sunday,48,True,False,False,
335,2013-12-02,2013,12,2,1,Monday,49,False,True,False,
336,2013-12-03,2013,12,3,2,Tuesday,49,False,True,False,
337,2013-12-04,2013,12,4,3,Wednesday,49,False,True,False,
338,2013-12-05,2013,12,5,4,Thursday,49,False,True,False,
339,2013-12-06,2013,12,6,5,Friday,49,False,True,False,
340,2013-12-07,2013,12,7,6,Saturday,49,True,False,False,
341,2013-12-08,2013,12,8,7,Sunday,49,True,False,False,
342,2013-12-09,2013,12,9,1,Monday,50,False,True,False,
343,2013-12-10,2013,12,10,2,Tuesday,50,False,True,False,
344,2013-12-11,2013,12,11,3,Wednesday,50,False,True,False,
345,2013-12-12,2013,12,12,4,Thursday,50,False,True,False,
346,2013-12-13,2013,12,13,5,Friday,50,False,True,False,
347,2013-12-14,2013,12,14,6,Saturday,50,True,False,False,
348,2013-12-15,2013,12,15,7,Sunday,50,True,False,False,
349,2013-12-16,2013,12,16,1,Monday,51,False,True,False,
350,2013-12-17,2013,12,17,2,Tuesday,51,False,True,False,
351,2013-12-18,2013,12,18,3,Wednesday,51,False,True,False,
352,2013-12-19,2013,12,19,4,Thursday,51,False,True,False,
353,2013-12-20,2013,12,20,5,Friday,51,False,True,False,
354,2013-12-21,2013,12,21,6,Saturday,51,True,False,False,
355,2013-12-22,2013,12,22,7,Sunday,51,True,False,False,
356,2013-12-23,2013,12,23,1,Monday,52,False,True,False,
357,2013-12-24,2013,12,24,2,Tuesday,52,False,True,False,
358,2013-12-25,2013,12,25,3,Wednesday,52,False,True,False,
359,2013-12-26,2013,12,26,4,Thursday,52,False,True,False,
360,2013-12-27,2013,12,27,5,Friday,52,False,True,False,
361,2013-12-28,2013,12,28,6,Saturday,52,True,False,False,
362,2013-12-29,2013,12,29,7,Sunday,52,True,False,False,
363,2013-12-30,2014,12,30,1,Monday,1,False,True,False,
364,2013-12-31,2014,12,31,2,Tuesday,1,False,True,False,
365,2014-01-01,2014,1,1,3,Wednesday,1,False,False,True,Новый год Novy god
366,2014-01-02,2014,1,2,4,Thursday,1,False,False,True,Новый год
367,2014-01-03,2014,1,3,5,Friday,1,False,False,True,Новый год
368,2014-01-04,2014,1,4,6,Saturday,1,True,False,True,Новый год
369,2014-01-05,2014,1,5,7,Sunday,1,True,False,True,Новый год
370,2014-01-06,2014,1,6,1,Monday,2,False,False,True,Новый год
371,2014-01-07,2014,1,7,2,Tuesday,2,False,False,True,Рождество Христово Rozhdestvo Khristovo
372,2014-01-08,2014,1,8,3,Wednesday,2,False,False,True,Новый год
373,2014-01-09,2014,1,9,4,Thursday,2,False,True,False,
374,2014-01-10,2014,1,10,5,Friday,2,False,True,False,
375,2014-01-11,2014,1,11,6,Saturday,2,True,False,False,
376,2014-01-12,2014,1,12,7,Sunday,2,True,False,False,
377,2014-01-13,2014,1,13,1,Monday,3,False,True,False,
378,2014-01-14,2014,1,14,2,Tuesday,3,False,True,False,
379,2014-01-15,2014,1,15,3,Wednesday,3,False,True,False,
380,2014-01-16,2014,1,16,4,Thursday,3,False,True,False,
381,2014-01-17,2014,1,17,5,Friday,3,False,True,False,
382,2014-01-18,2014,1,18,6,Saturday,3,True,False,False,
383,2014-01-19,2014,1,19,7,Sunday,3,True,False,False,
384,2014-01-20,2014,1,20,1,Monday,4,False,True,False,
385,2014-01-21,2014,1,21,2,Tuesday,4,False,True,False,
386,2014-01-22,2014,1,22,3,Wednesday,4,False,True,False,
387,2014-01-23,2014,1,23,4,Thursday,4,False,True,False,
388,2014-01-24,2014,1,24,5,Friday,4,False,True,False,
389,2014-01-25,2014,1,25,6,Saturday,4,True,False,False,
390,2014-01-26,2014,1,26,7,Sunday,4,True,False,False,
391,2014-01-27,2014,1,27,1,Monday,5,False,True,False,
392,2014-01-28,2014,1,28,2,Tuesday,5,False,True,False,
393,2014-01-29,2014,1,29,3,Wednesday,5,False,True,False,
394,2014-01-30,2014,1,30,4,Thursday,5,False,True,False,
395,2014-01-31,2014,1,31,5,Friday,5,False,True,False,
396,2014-02-01,2014,2,1,6,Saturday,5,True,False,False,
397,2014-02-02,2014,2,2,7,Sunday,5,True,False,False,
398,2014-02-03,2014,2,3,1,Monday,6,False,True,False,
399,2014-02-04,2014,2,4,2,Tuesday,6,False,True,False,
400,2014-02-05,2014,2,5,3,Wednesday,6,False,True,False,
401,2014-02-06,2014,2,6,4,Thursday,6,False,True,False,
402,2014-02-07,2014,2,7,5,Friday,6,False,True,False,
403,2014-02-08,2014,2,8,6,Saturday,6,True,False,False,
404,2014-02-09,2014,2,9,7,Sunday,6,True,False,False,
405,2014-02-10,2014,2,10,1,Monday,7,False,True,False,
406,2014-02-11,2014,2,11,2,Tuesday,7,False,True,False,
407,2014-02-12,2014,2,12,3,Wednesday,7,False,True,False,
408,2014-02-13,2014,2,13,4,Thursday,7,False,True,False,
409,2014-02-14,2014,2,14,5,Friday,7,False,True,False,
410,2014-02-15,2014,2,15,6,Saturday,7,True,False,False,
411,2014-02-16,2014,2,16,7,Sunday,7,True,False,False,
412,2014-02-17,2014,2,17,1,Monday,8,False,True,False,
413,2014-02-18,2014,2,18,2,Tuesday,8,False,True,False,
414,2014-02-19,2014,2,19,3,Wednesday,8,False,True,False,
415,2014-02-20,2014,2,20,4,Thursday,8,False,True,False,
416,2014-02-21,2014,2,21,5,Friday,8,False,True,False,
417,2014-02-22,2014,2,22,6,Saturday,8,True,False,False,
418,2014-02-23,2014,2,23,7,Sunday,8,True,False,True,День защитника Отечества Den zashchitnika Otechestva
419,2014-02-24,2014,2,24,1,Monday,9,False,True,False,
420,2014-02-25,2014,2,25,2,Tuesday,9,False,True,False,
421,2014-02-26,2014,2,26,3,Wednesday,9,False,True,False,
422,2014-02-27,2014,2,27,4,Thursday,9,False,True,False,
423,2014-02-28,2014,2,28,5,Friday,9,False,True,False,
424,2014-03-01,2014,3,1,6,Saturday,9,True,False,False,
425,2014-03-02,2014,3,2,7,Sunday,9,True,False,False,
426,2014-03-03,2014,3,3,1,Monday,10,False,True,False,
427,2014-03-04,2014,3,4,2,Tuesday,10,False,True,False,
428,2014-03-05,2014,3,5,3,Wednesday,10,False,True,False,
429,2014-03-06,2014,3,6,4,Thursday,10,False,True,False,
430,2014-03-07,2014,3,7,5,Friday,10,False,True,False,
431,2014-03-08,2014,3,8,6,Saturday,10,True,False,True,Междунаро́дный же́нский день
432,2014-03-09,2014,3,9,7,Sunday,10,True,False,False,
433,2014-03-10,2014,3,10,1,Monday,11,False,True,False,
434,2014-03-11,2014,3,11,2,Tuesday,11,False,True,False,
435,2014-03-12,2014,3,12,3,Wednesday,11,False,True,False,
436,2014-03-13,2014,3,13,4,Thursday,11,False,True,False,
437,2014-03-14,2014,3,14,5,Friday,11,False,True,False,
438,2014-03-15,2014,3,15,6,Saturday,11,True,False,False,
439,2014-03-16,2014,3,16,7,Sunday,11,True,False,False,
440,2014-03-17,2014,3,17,1,Monday,12,False,True,False,
441,2014-03-18,2014,3,18,2,Tuesday,12,False,True,False,
442,2014-03-19,2014,3,19,3,Wednesday,12,False,True,False,
443,2014-03-20,2014,3,20,4,Thursday,12,False,True,False,
444,2014-03-21,2014,3,21,5,Friday,12,False,True,False,
445,2014-03-22,2014,3,22,6,Saturday,12,True,False,False,
446,2014-03-23,2014,3,23,7,Sunday,12,True,False,False,
447,2014-03-24,2014,3,24,1,Monday,13,False,True,False,
448,2014-03-25,2014,3,25,2,Tuesday,13,False,True,False,
449,2014-03-26,2014,3,26,3,Wednesday,13,False,True,False,
450,2014-03-27,2014,3,27,4,Thursday,13,False,True,False,
451,2014-03-28,2014,3,28,5,Friday,13,False,True,False,
452,2014-03-29,2014,3,29,6,Saturday,13,True,False,False,
453,2014-03-30,2014,3,30,7,Sunday,13,True,False,False,
454,2014-03-31,2014,3,31,1,Monday,14,False,True,False,
455,2014-04-01,2014,4,1,2,Tuesday,14,False,True,False,
456,2014-04-02,2014,4,2,3,Wednesday,14,False,True,False,
457,2014-04-03,2014,4,3,4,Thursday,14,False,True,False,
458,2014-04-04,2014,4,4,5,Friday,14,False,True,False,
459,2014-04-05,2014,4,5,6,Saturday,14,True,False,False,
460,2014-04-06,2014,4,6,7,Sunday,14,True,False,False,
461,2014-04-07,2014,4,7,1,Monday,15,False,True,False,
462,2014-04-08,2014,4,8,2,Tuesday,15,False,True,False,
463,2014-04-09,2014,4,9,3,Wednesday,15,False,True,False,
464,2014-04-10,2014,4,10,4,Thursday,15,False,True,False,
465,2014-04-11,2014,4,11,5,Friday,15,False,True,False,
466,2014-04-12,2014,4,12,6,Saturday,15,True,False,False,
467,2014-04-13,2014,4,13,7,Sunday,15,True,False,False,
468,2014-04-14,2014,4,14,1,Monday,16,False,True,False,
469,2014-04-15,2014,4,15,2,Tuesday,16,False,True,False,
470,2014-04-16,2014,4,16,3,Wednesday,16,False,True,False,
471,2014-04-17,2014,4,17,4,Thursday,16,False,True,False,
472,2014-04-18,2014,4,18,5,Friday,16,False,True,False,
473,2014-04-19,2014,4,19,6,Saturday,16,True,False,False,
474,2014-04-20,2014,4,20,7,Sunday,16,True,False,False,
475,2014-04-21,2014,4,21,1,Monday,17,False,True,False,
476,2014-04-22,2014,4,22,2,Tuesday,17,False,True,False,
477,2014-04-23,2014,4,23,3,Wednesday,17,False,True,False,
478,2014-04-24,2014,4,24,4,Thursday,17,False,True,False,
479,2014-04-25,2014,4,25,5,Friday,17,False,True,False,
480,2014-04-26,2014,4,26,6,Saturday,17,True,False,False,
481,2014-04-27,2014,4,27,7,Sunday,17,True,False,False,
482,2014-04-28,2014,4,28,1,Monday,18,False,True,False,
483,2014-04-29,2014,4,29,2,Tuesday,18,False,True,False,
484,2014-04-30,2014,4,30,3,Wednesday,18,False,True,False,
485,2014-05-01,2014,5,1,4,Thursday,18,False,False,True,День весны и труда
486,2014-05-02,2014,5,2,5,Friday,18,False,True,False,
487,2014-05-03,2014,5,3,6,Saturday,18,True,False,False,
488,2014-05-04,2014,5,4,7,Sunday,18,True,False,False,
489,2014-05-05,2014,5,5,1,Monday,19,False,True,False,
490,2014-05-06,2014,5,6,2,Tuesday,19,False,True,False,
491,2014-05-07,2014,5,7,3,Wednesday,19,False,True,False,
492,2014-05-08,2014,5,8,4,Thursday,19,False,True,False,
493,2014-05-09,2014,5,9,5,Friday,19,False,False,True,День Победы
494,2014-05-10,2014,5,10,6,Saturday,19,True,False,False,
495,2014-05-11,2014,5,11,7,Sunday,19,True,False,False,
496,2014-05-12,2014,5,12,1,Monday,20,False,True,False,
497,2014-05-13,2014,5,13,2,Tuesday,20,False,True,False,
498,2014-05-14,2014,5,14,3,Wednesday,20,False,True,False,
499,2014-05-15,2014,5,15,4,Thursday,20,False,True,False,
500,2014-05-16,2014,5,16,5,Friday,20,False,True,False,
501,2014-05-17,2014,5,17,6,Saturday,20,True,False,False,
502,2014-05-18,2014,5,18,7,Sunday,20,True,False,False,
503,2014-05-19,2014,5,19,1,Monday,21,False,True,False,
504,2014-05-20,2014,5,20,2,Tuesday,21,False,True,False,
505,2014-05-21,2014,5,21,3,Wednesday,21,False,True,False,
506,2014-05-22,2014,5,22,4,Thursday,21,False,True,False,
507,2014-05-23,2014,5,23,5,Friday,21,False,True,False,
508,2014-05-24,2014,5,24,6,Saturday,21,True,False,False,
509,2014-05-25,2014,5,25,7,Sunday,21,True,False,False,
510,2014-05-26,2014,5,26,1,Monday,22,False,True,False,
511,2014-05-27,2014,5,27,2,Tuesday,22,False,True,False,
512,2014-05-28,2014,5,28,3,Wednesday,22,False,True,False,
513,2014-05-29,2014,5,29,4,Thursday,22,False,True,False,
514,2014-05-30,2014,5,30,5,Friday,22,False,True,False,
515,2014-05-31,2014,5,31,6,Saturday,22,True,False,False,
516,2014-06-01,2014,6,1,7,Sunday,22,True,False,False,
517,2014-06-02,2014,6,2,1,Monday,23,False,True,False,
518,2014-06-03,2014,6,3,2,Tuesday,23,False,True,False,
519,2014-06-04,2014,6,4,3,Wednesday,23,False,True,False,
520,2014-06-05,2014,6,5,4,Thursday,23,False,True,False,
521,2014-06-06,2014,6,6,5,Friday,23,False,True,False,
522,2014-06-07,2014,6,7,6,Saturday,23,True,False,False,
523,2014-06-08,2014,6,8,7,Sunday,23,True,False,False,
524,2014-06-09,2014,6,9,1,Monday,24,False,True,False,
525,2014-06-10,2014,6,10,2,Tuesday,24,False,True,False,
526,2014-06-11,2014,6,11,3,Wednesday,24,False,True,False,
527,2014-06-12,2014,6,12,4,Thursday,24,False,False,True,День России
528,2014-06-13,2014,6,13,5,Friday,24,False,True,False,
529,2014-06-14,2014,6,14,6,Saturday,24,True,False,False,
530,2014-06-15,2014,6,15,7,Sunday,24,True,False,False,
531,2014-06-16,2014,6,16,1,Monday,25,False,True,False,
532,2014-06-17,2014,6,17,2,Tuesday,25,False,True,False,
533,2014-06-18,2014,6,18,3,Wednesday,25,False,True,False,
534,2014-06-19,2014,6,19,4,Thursday,25,False,True,False,
535,2014-06-20,2014,6,20,5,Friday,25,False,True,False,
536,2014-06-21,2014,6,21,6,Saturday,25,True,False,False,
537,2014-06-22,2014,6,22,7,Sunday,25,True,False,False,
538,2014-06-23,2014,6,23,1,Monday,26,False,True,False,
539,2014-06-24,2014,6,24,2,Tuesday,26,False,True,False,
540,2014-06-25,2014,6,25,3,Wednesday,26,False,True,False,
541,2014-06-26,2014,6,26,4,Thursday,26,False,True,False,
542,2014-06-27,2014,6,27,5,Friday,26,False,True,False,
543,2014-06-28,2014,6,28,6,Saturday,26,True,False,False,
544,2014-06-29,2014,6,29,7,Sunday,26,True,False,False,
545,2014-06-30,2014,6,30,1,Monday,27,False,True,False,
546,2014-07-01,2014,7,1,2,Tuesday,27,False,True,False,
547,2014-07-02,2014,7,2,3,Wednesday,27,False,True,False,
548,2014-07-03,2014,7,3,4,Thursday,27,False,True,False,
549,2014-07-04,2014,7,4,5,Friday,27,False,True,False,
550,2014-07-05,2014,7,5,6,Saturday,27,True,False,False,
551,2014-07-06,2014,7,6,7,Sunday,27,True,False,False,
552,2014-07-07,2014,7,7,1,Monday,28,False,True,False,
553,2014-07-08,2014,7,8,2,Tuesday,28,False,True,False,
554,2014-07-09,2014,7,9,3,Wednesday,28,False,True,False,
555,2014-07-10,2014,7,10,4,Thursday,28,False,True,False,
556,2014-07-11,2014,7,11,5,Friday,28,False,True,False,
557,2014-07-12,2014,7,12,6,Saturday,28,True,False,False,
558,2014-07-13,2014,7,13,7,Sunday,28,True,False,False,
559,2014-07-14,2014,7,14,1,Monday,29,False,True,False,
560,2014-07-15,2014,7,15,2,Tuesday,29,False,True,False,
561,2014-07-16,2014,7,16,3,Wednesday,29,False,True,False,
562,2014-07-17,2014,7,17,4,Thursday,29,False,True,False,
563,2014-07-18,2014,7,18,5,Friday,29,False,True,False,
564,2014-07-19,2014,7,19,6,Saturday,29,True,False,False,
565,2014-07-20,2014,7,20,7,Sunday,29,True,False,False,
566,2014-07-21,2014,7,21,1,Monday,30,False,True,False,
567,2014-07-22,2014,7,22,2,Tuesday,30,False,True,False,
568,2014-07-23,2014,7,23,3,Wednesday,30,False,True,False,
569,2014-07-24,2014,7,24,4,Thursday,30,False,True,False,
570,2014-07-25,2014,7,25,5,Friday,30,False,True,False,
571,2014-07-26,2014,7,26,6,Saturday,30,True,False,False,
572,2014-07-27,2014,7,27,7,Sunday,30,True,False,False,
573,2014-07-28,2014,7,28,1,Monday,31,False,True,False,
574,2014-07-29,2014,7,29,2,Tuesday,31,False,True,False,
575,2014-07-30,2014,7,30,3,Wednesday,31,False,True,False,
576,2014-07-31,2014,7,31,4,Thursday,31,False,True,False,
577,2014-08-01,2014,8,1,5,Friday,31,False,True,False,
578,2014-08-02,2014,8,2,6,Saturday,31,True,False,False,
579,2014-08-03,2014,8,3,7,Sunday,31,True,False,False,
580,2014-08-04,2014,8,4,1,Monday,32,False,True,False,
581,2014-08-05,2014,8,5,2,Tuesday,32,False,True,False,
582,2014-08-06,2014,8,6,3,Wednesday,32,False,True,False,
583,2014-08-07,2014,8,7,4,Thursday,32,False,True,False,
584,2014-08-08,2014,8,8,5,Friday,32,False,True,False,
585,2014-08-09,2014,8,9,6,Saturday,32,True,False,False,
586,2014-08-10,2014,8,10,7,Sunday,32,True,False,False,
587,2014-08-11,2014,8,11,1,Monday,33,False,True,False,
588,2014-08-12,2014,8,12,2,Tuesday,33,False,True,False,
589,2014-08-13,2014,8,13,3,Wednesday,33,False,True,False,
590,2014-08-14,2014,8,14,4,Thursday,33,False,True,False,
591,2014-08-15,2014,8,15,5,Friday,33,False,True,False,
592,2014-08-16,2014,8,16,6,Saturday,33,True,False,False,
593,2014-08-17,2014,8,17,7,Sunday,33,True,False,False,
594,2014-08-18,2014,8,18,1,Monday,34,False,True,False,
595,2014-08-19,2014,8,19,2,Tuesday,34,False,True,False,
596,2014-08-20,2014,8,20,3,Wednesday,34,False,True,False,
597,2014-08-21,2014,8,21,4,Thursday,34,False,True,False,
598,2014-08-22,2014,8,22,5,Friday,34,False,True,False,
599,2014-08-23,2014,8,23,6,Saturday,34,True,False,False,
600,2014-08-24,2014,8,24,7,Sunday,34,True,False,False,
601,2014-08-25,2014,8,25,1,Monday,35,False,True,False,
602,2014-08-26,2014,8,26,2,Tuesday,35,False,True,False,
603,2014-08-27,2014,8,27,3,Wednesday,35,False,True,False,
604,2014-08-28,2014,8,28,4,Thursday,35,False,True,False,
605,2014-08-29,2014,8,29,5,Friday,35,False,True,False,
606,2014-08-30,2014,8,30,6,Saturday,35,True,False,False,
607,2014-08-31,2014,8,31,7,Sunday,35,True,False,False,
608,2014-09-01,2014,9,1,1,Monday,36,False,True,False,
609,2014-09-02,2014,9,2,2,Tuesday,36,False,True,False,
610,2014-09-03,2014,9,3,3,Wednesday,36,False,True,False,
611,2014-09-04,2014,9,4,4,Thursday,36,False,True,False,
612,2014-09-05,2014,9,5,5,Friday,36,False,True,False,
613,2014-09-06,2014,9,6,6,Saturday,36,True,False,False,
614,2014-09-07,2014,9,7,7,Sunday,36,True,False,False,
615,2014-09-08,2014,9,8,1,Monday,37,False,True,False,
616,2014-09-09,2014,9,9,2,Tuesday,37,False,True,False,
617,2014-09-10,2014,9,10,3,Wednesday,37,False,True,False,
618,2014-09-11,2014,9,11,4,Thursday,37,False,True,False,
619,2014-09-12,2014,9,12,5,Friday,37,False,True,False,
620,2014-09-13,2014,9,13,6,Saturday,37,True,False,False,
621,2014-09-14,2014,9,14,7,Sunday,37,True,False,False,
622,2014-09-15,2014,9,15,1,Monday,38,False,True,False,
623,2014-09-16,2014,9,16,2,Tuesday,38,False,True,False,
624,2014-09-17,2014,9,17,3,Wednesday,38,False,True,False,
625,2014-09-18,2014,9,18,4,Thursday,38,False,True,False,
626,2014-09-19,2014,9,19,5,Friday,38,False,True,False,
627,2014-09-20,2014,9,20,6,Saturday,38,True,False,False,
628,2014-09-21,2014,9,21,7,Sunday,38,True,False,False,
629,2014-09-22,2014,9,22,1,Monday,39,False,True,False,
630,2014-09-23,2014,9,23,2,Tuesday,39,False,True,False,
631,2014-09-24,2014,9,24,3,Wednesday,39,False,True,False,
632,2014-09-25,2014,9,25,4,Thursday,39,False,True,False,
633,2014-09-26,2014,9,26,5,Friday,39,False,True,False,
634,2014-09-27,2014,9,27,6,Saturday,39,True,False,False,
635,2014-09-28,2014,9,28,7,Sunday,39,True,False,False,
636,2014-09-29,2014,9,29,1,Monday,40,False,True,False,
637,2014-09-30,2014,9,30,2,Tuesday,40,False,True,False,
638,2014-10-01,2014,10,1,3,Wednesday,40,False,True,False,
639,2014-10-02,2014,10,2,4,Thursday,40,False,True,False,
640,2014-10-03,2014,10,3,5,Friday,40,False,True,False,
641,2014-10-04,2014,10,4,6,Saturday,40,True,False,False,
642,2014-10-05,2014,10,5,7,Sunday,40,True,False,False,
643,2014-10-06,2014,10,6,1,Monday,41,False,True,False,
644,2014-10-07,2014,10,7,2,Tuesday,41,False,True,False,
645,2014-10-08,2014,10,8,3,Wednesday,41,False,True,False,
646,2014-10-09,2014,10,9,4,Thursday,41,False,True,False,
647,2014-10-10,2014,10,10,5,Friday,41,False,True,False,
648,2014-10-11,2014,10,11,6,Saturday,41,True,False,False,
649,2014-10-12,2014,10,12,7,Sunday,41,True,False,False,
650,2014-10-13,2014,10,13,1,Monday,42,False,True,False,
651,2014-10-14,2014,10,14,2,Tuesday,42,False,True,False,
652,2014-10-15,2014,10,15,3,Wednesday,42,False,True,False,
653,2014-10-16,2014,10,16,4,Thursday,42,False,True,False,
654,2014-10-17,2014,10,17,5,Friday,42,False,True,False,
655,2014-10-18,2014,10,18,6,Saturday,42,True,False,False,
656,2014-10-19,2014,10,19,7,Sunday,42,True,False,False,
657,2014-10-20,2014,10,20,1,Monday,43,False,True,False,
658,2014-10-21,2014,10,21,2,Tuesday,43,False,True,False,
659,2014-10-22,2014,10,22,3,Wednesday,43,False,True,False,
660,2014-10-23,2014,10,23,4,Thursday,43,False,True,False,
661,2014-10-24,2014,10,24,5,Friday,43,False,True,False,
662,2014-10-25,2014,10,25,6,Saturday,43,True,False,False,
663,2014-10-26,2014,10,26,7,Sunday,43,True,False,False,
664,2014-10-27,2014,10,27,1,Monday,44,False,True,False,
665,2014-10-28,2014,10,28,2,Tuesday,44,False,True,False,
666,2014-10-29,2014,10,29,3,Wednesday,44,False,True,False,
667,2014-10-30,2014,10,30,4,Thursday,44,False,True,False,
668,2014-10-31,2014,10,31,5,Friday,44,False,True,False,
669,2014-11-01,2014,11,1,6,Saturday,44,True,False,False,
670,2014-11-02,2014,11,2,7,Sunday,44,True,False,False,
671,2014-11-03,2014,11,3,1,Monday,45,False,True,False,
672,2014-11-04,2014,11,4,2,Tuesday,45,False,False,True,День народного единства
673,2014-11-05,2014,11,5,3,Wednesday,45,False,True,False,
674,2014-11-06,2014,11,6,4,Thursday,45,False,True,False,
675,2014-11-07,2014,11,7,5,Friday,45,False,True,False,
676,2014-11-08,2014,11,8,6,Saturday,45,True,False,False,
677,2014-11-09,2014,11,9,7,Sunday,45,True,False,False,
678,2014-11-10,2014,11,10,1,Monday,46,False,True,False,
679,2014-11-11,2014,11,11,2,Tuesday,46,False,True,False,
680,2014-11-12,2014,11,12,3,Wednesday,46,False,True,False,
681,2014-11-13,2014,11,13,4,Thursday,46,False,True,False,
682,2014-11-14,2014,11,14,5,Friday,46,False,True,False,
683,2014-11-15,2014,11,15,6,Saturday,46,True,False,False,
684,2014-11-16,2014,11,16,7,Sunday,46,True,False,False,
685,2014-11-17,2014,11,17,1,Monday,47,False,True,False,
686,2014-11-18,2014,11,18,2,Tuesday,47,False,True,False,
687,2014-11-19,2014,11,19,3,Wednesday,47,False,True,False,
688,2014-11-20,2014,11,20,4,Thursday,47,False,True,False,
689,2014-11-21,2014,11,21,5,Friday,47,False,True,False,
690,2014-11-22,2014,11,22,6,Saturday,47,True,False,False,
691,2014-11-23,2014,11,23,7,Sunday,47,True,False,False,
692,2014-11-24,2014,11,24,1,Monday,48,False,True,False,
693,2014-11-25,2014,11,25,2,Tuesday,48,False,True,False,
694,2014-11-26,2014,11,26,3,Wednesday,48,False,True,False,
695,2014-11-27,2014,11,27,4,Thursday,48,False,True,False,
696,2014-11-28,2014,11,28,5,Friday,48,False,True,False,
697,2014-11-29,2014,11,29,6,Saturday,48,True,False,False,
698,2014-11-30,2014,11,30,7,Sunday,48,True,False,False,
699,2014-12-01,2014,12,1,1,Monday,49,False,True,False,
700,2014-12-02,2014,12,2,2,Tuesday,49,False,True,False,
701,2014-12-03,2014,12,3,3,Wednesday,49,False,True,False,
702,2014-12-04,2014,12,4,4,Thursday,49,False,True,False,
703,2014-12-05,2014,12,5,5,Friday,49,False,True,False,
704,2014-12-06,2014,12,6,6,Saturday,49,True,False,False,
705,2014-12-07,2014,12,7,7,Sunday,49,True,False,False,
706,2014-12-08,2014,12,8,1,Monday,50,False,True,False,
707,2014-12-09,2014,12,9,2,Tuesday,50,False,True,False,
708,2014-12-10,2014,12,10,3,Wednesday,50,False,True,False,
709,2014-12-11,2014,12,11,4,Thursday,50,False,True,False,
710,2014-12-12,2014,12,12,5,Friday,50,False,True,False,
711,2014-12-13,2014,12,13,6,Saturday,50,True,False,False,
712,2014-12-14,2014,12,14,7,Sunday,50,True,False,False,
713,2014-12-15,2014,12,15,1,Monday,51,False,True,False,
714,2014-12-16,2014,12,16,2,Tuesday,51,False,True,False,
715,2014-12-17,2014,12,17,3,Wednesday,51,False,True,False,
716,2014-12-18,2014,12,18,4,Thursday,51,False,True,False,
717,2014-12-19,2014,12,19,5,Friday,51,False,True,False,
718,2014-12-20,2014,12,20,6,Saturday,51,True,False,False,
719,2014-12-21,2014,12,21,7,Sunday,51,True,False,False,
720,2014-12-22,2014,12,22,1,Monday,52,False,True,False,
721,2014-12-23,2014,12,23,2,Tuesday,52,False,True,False,
722,2014-12-24,2014,12,24,3,Wednesday,52,False,True,False,
723,2014-12-25,2014,12,25,4,Thursday,52,False,True,False,
724,2014-12-26,2014,12,26,5,Friday,52,False,True,False,
725,2014-12-27,2014,12,27,6,Saturday,52,True,False,False,
726,2014-12-28,2014,12,28,7,Sunday,52,True,False,False,
727,2014-12-29,2015,12,29,1,Monday,1,False,True,False,
728,2014-12-30,2015,12,30,2,Tuesday,1,False,True,False,
729,2014-12-31,2015,12,31,3,Wednesday,1,False,True,False,
730,2015-01-01,2015,1,1,4,Thursday,1,False,False,True,Новый год Novy god
731,2015-01-02,2015,1,2,5,Friday,1,False,False,True,Новый год
732,2015-01-03,2015,1,3,6,Saturday,1,True,False,True,Новый год
733,2015-01-04,2015,1,4,7,Sunday,1,True,False,True,Новый год
734,2015-01-05,2015,1,5,1,Monday,2,False,False,True,Новый год
735,2015-01-06,2015,1,6,2,Tuesday,2,False,False,True,Новый год
736,2015-01-07,2015,1,7,3,Wednesday,2,False,False,True,Рождество Христово Rozhdestvo Khristovo
737,2015-01-08,2015,1,8,4,Thursday,2,False,False,True,Новый год
738,2015-01-09,2015,1,9,5,Friday,2,False,True,False,
739,2015-01-10,2015,1,10,6,Saturday,2,True,False,False,
740,2015-01-11,2015,1,11,7,Sunday,2,True,False,False,
741,2015-01-12,2015,1,12,1,Monday,3,False,True,False,
742,2015-01-13,2015,1,13,2,Tuesday,3,False,True,False,
743,2015-01-14,2015,1,14,3,Wednesday,3,False,True,False,
744,2015-01-15,2015,1,15,4,Thursday,3,False,True,False,
745,2015-01-16,2015,1,16,5,Friday,3,False,True,False,
746,2015-01-17,2015,1,17,6,Saturday,3,True,False,False,
747,2015-01-18,2015,1,18,7,Sunday,3,True,False,False,
748,2015-01-19,2015,1,19,1,Monday,4,False,True,False,
749,2015-01-20,2015,1,20,2,Tuesday,4,False,True,False,
750,2015-01-21,2015,1,21,3,Wednesday,4,False,True,False,
751,2015-01-22,2015,1,22,4,Thursday,4,False,True,False,
752,2015-01-23,2015,1,23,5,Friday,4,False,True,False,
753,2015-01-24,2015,1,24,6,Saturday,4,True,False,False,
754,2015-01-25,2015,1,25,7,Sunday,4,True,False,False,
755,2015-01-26,2015,1,26,1,Monday,5,False,True,False,
756,2015-01-27,2015,1,27,2,Tuesday,5,False,True,False,
757,2015-01-28,2015,1,28,3,Wednesday,5,False,True,False,
758,2015-01-29,2015,1,29,4,Thursday,5,False,True,False,
759,2015-01-30,2015,1,30,5,Friday,5,False,True,False,
760,2015-01-31,2015,1,31,6,Saturday,5,True,False,False,
761,2015-02-01,2015,2,1,7,Sunday,5,True,False,False,
762,2015-02-02,2015,2,2,1,Monday,6,False,True,False,
763,2015-02-03,2015,2,3,2,Tuesday,6,False,True,False,
764,2015-02-04,2015,2,4,3,Wednesday,6,False,True,False,
765,2015-02-05,2015,2,5,4,Thursday,6,False,True,False,
766,2015-02-06,2015,2,6,5,Friday,6,False,True,False,
767,2015-02-07,2015,2,7,6,Saturday,6,True,False,False,
768,2015-02-08,2015,2,8,7,Sunday,6,True,False,False,
769,2015-02-09,2015,2,9,1,Monday,7,False,True,False,
770,2015-02-10,2015,2,10,2,Tuesday,7,False,True,False,
771,2015-02-11,2015,2,11,3,Wednesday,7,False,True,False,
772,2015-02-12,2015,2,12,4,Thursday,7,False,True,False,
773,2015-02-13,2015,2,13,5,Friday,7,False,True,False,
774,2015-02-14,2015,2,14,6,Saturday,7,True,False,False,
775,2015-02-15,2015,2,15,7,Sunday,7,True,False,False,
776,2015-02-16,2015,2,16,1,Monday,8,False,True,False,
777,2015-02-17,2015,2,17,2,Tuesday,8,False,True,False,
778,2015-02-18,2015,2,18,3,Wednesday,8,False,True,False,
779,2015-02-19,2015,2,19,4,Thursday,8,False,True,False,
780,2015-02-20,2015,2,20,5,Friday,8,False,True,False,
781,2015-02-21,2015,2,21,6,Saturday,8,True,False,False,
782,2015-02-22,2015,2,22,7,Sunday,8,True,False,False,
783,2015-02-23,2015,2,23,1,Monday,9,False,False,True,День защитника Отечества Den zashchitnika Otechestva
784,2015-02-24,2015,2,24,2,Tuesday,9,False,True,False,
785,2015-02-25,2015,2,25,3,Wednesday,9,False,True,False,
786,2015-02-26,2015,2,26,4,Thursday,9,False,True,False,
787,2015-02-27,2015,2,27,5,Friday,9,False,True,False,
788,2015-02-28,2015,2,28,6,Saturday,9,True,False,False,
789,2015-03-01,2015,3,1,7,Sunday,9,True,False,False,
790,2015-03-02,2015,3,2,1,Monday,10,False,True,False,
791,2015-03-03,2015,3,3,2,Tuesday,10,False,True,False,
792,2015-03-04,2015,3,4,3,Wednesday,10,False,True,False,
793,2015-03-05,2015,3,5,4,Thursday,10,False,True,False,
794,2015-03-06,2015,3,6,5,Friday,10,False,True,False,
795,2015-03-07,2015,3,7,6,Saturday,10,True,False,False,
796,2015-03-08,2015,3,8,7,Sunday,10,True,False,True,Междунаро́дный же́нский день
797,2015-03-09,2015,3,9,1,Monday,11,False,True,False,
798,2015-03-10,2015,3,10,2,Tuesday,11,False,True,False,
799,2015-03-11,2015,3,11,3,Wednesday,11,False,True,False,
800,2015-03-12,2015,3,12,4,Thursday,11,False,True,False,
801,2015-03-13,2015,3,13,5,Friday,11,False,True,False,
802,2015-03-14,2015,3,14,6,Saturday,11,True,False,False,
803,2015-03-15,2015,3,15,7,Sunday,11,True,False,False,
804,2015-03-16,2015,3,16,1,Monday,12,False,True,False,
805,2015-03-17,2015,3,17,2,Tuesday,12,False,True,False,
806,2015-03-18,2015,3,18,3,Wednesday,12,False,True,False,
807,2015-03-19,2015,3,19,4,Thursday,12,False,True,False,
808,2015-03-20,2015,3,20,5,Friday,12,False,True,False,
809,2015-03-21,2015,3,21,6,Saturday,12,True,False,False,
810,2015-03-22,2015,3,22,7,Sunday,12,True,False,False,
811,2015-03-23,2015,3,23,1,Monday,13,False,True,False,
812,2015-03-24,2015,3,24,2,Tuesday,13,False,True,False,
813,2015-03-25,2015,3,25,3,Wednesday,13,False,True,False,
814,2015-03-26,2015,3,26,4,Thursday,13,False,True,False,
815,2015-03-27,2015,3,27,5,Friday,13,False,True,False,
816,2015-03-28,2015,3,28,6,Saturday,13,True,False,False,
817,2015-03-29,2015,3,29,7,Sunday,13,True,False,False,
818,2015-03-30,2015,3,30,1,Monday,14,False,True,False,
819,2015-03-31,2015,3,31,2,Tuesday,14,False,True,False,
820,2015-04-01,2015,4,1,3,Wednesday,14,False,True,False,
821,2015-04-02,2015,4,2,4,Thursday,14,False,True,False,
822,2015-04-03,2015,4,3,5,Friday,14,False,True,False,
823,2015-04-04,2015,4,4,6,Saturday,14,True,False,False,
824,2015-04-05,2015,4,5,7,Sunday,14,True,False,False,
825,2015-04-06,2015,4,6,1,Monday,15,False,True,False,
826,2015-04-07,2015,4,7,2,Tuesday,15,False,True,False,
827,2015-04-08,2015,4,8,3,Wednesday,15,False,True,False,
828,2015-04-09,2015,4,9,4,Thursday,15,False,True,False,
829,2015-04-10,2015,4,10,5,Friday,15,False,True,False,
830,2015-04-11,2015,4,11,6,Saturday,15,True,False,False,
831,2015-04-12,2015,4,12,7,Sunday,15,True,False,False,
832,2015-04-13,2015,4,13,1,Monday,16,False,True,False,
833,2015-04-14,2015,4,14,2,Tuesday,16,False,True,False,
834,2015-04-15,2015,4,15,3,Wednesday,16,False,True,False,
835,2015-04-16,2015,4,16,4,Thursday,16,False,True,False,
836,2015-04-17,2015,4,17,5,Friday,16,False,True,False,
837,2015-04-18,2015,4,18,6,Saturday,16,True,False,False,
838,2015-04-19,2015,4,19,7,Sunday,16,True,False,False,
839,2015-04-20,2015,4,20,1,Monday,17,False,True,False,
840,2015-04-21,2015,4,21,2,Tuesday,17,False,True,False,
841,2015-04-22,2015,4,22,3,Wednesday,17,False,True,False,
842,2015-04-23,2015,4,23,4,Thursday,17,False,True,False,
843,2015-04-24,2015,4,24,5,Friday,17,False,True,False,
844,2015-04-25,2015,4,25,6,Saturday,17,True,False,False,
845,2015-04-26,2015,4,26,7,Sunday,17,True,False,False,
846,2015-04-27,2015,4,27,1,Monday,18,False,True,False,
847,2015-04-28,2015,4,28,2,Tuesday,18,False,True,False,
848,2015-04-29,2015,4,29,3,Wednesday,18,False,True,False,
849,2015-04-30,2015,4,30,4,Thursday,18,False,True,False,
850,2015-05-01,2015,5,1,5,Friday,18,False,False,True,День весны и труда
851,2015-05-02,2015,5,2,6,Saturday,18,True,False,False,
852,2015-05-03,2015,5,3,7,Sunday,18,True,False,False,
853,2015-05-04,2015,5,4,1,Monday,19,False,True,False,
854,2015-05-05,2015,5,5,2,Tuesday,19,False,True,False,
855,2015-05-06,2015,5,6,3,Wednesday,19,False,True,False,
856,2015-05-07,2015,5,7,4,Thursday,19,False,True,False,
857,2015-05-08,2015,5,8,5,Friday,19,False,True,False,
858,2015-05-09,2015,5,9,6,Saturday,19,True,False,True,День Победы
859,2015-05-10,2015,5,10,7,Sunday,19,True,False,False,
860,2015-05-11,2015,5,11,1,Monday,20,False,True,False,
861,2015-05-12,2015,5,12,2,Tuesday,20,False,True,False,
862,2015-05-13,2015,5,13,3,Wednesday,20,False,True,False,
863,2015-05-14,2015,5,14,4,Thursday,20,False,True,False,
864,2015-05-15,2015,5,15,5,Friday,20,False,True,False,
865,2015-05-16,2015,5,16,6,Saturday,20,True,False,False,
866,2015-05-17,2015,5,17,7,Sunday,20,True,False,False,
867,2015-05-18,2015,5,18,1,Monday,21,False,True,False,
868,2015-05-19,2015,5,19,2,Tuesday,21,False,True,False,
869,2015-05-20,2015,5,20,3,Wednesday,21,False,True,False,
870,2015-05-21,2015,5,21,4,Thursday,21,False,True,False,
871,2015-05-22,2015,5,22,5,Friday,21,False,True,False,
872,2015-05-23,2015,5,23,6,Saturday,21,True,False,False,
873,2015-05-24,2015,5,24,7,Sunday,21,True,False,False,
874,2015-05-25,2015,5,25,1,Monday,22,False,True,False,
875,2015-05-26,2015,5,26,2,Tuesday,22,False,True,False,
876,2015-05-27,2015,5,27,3,Wednesday,22,False,True,False,
877,2015-05-28,2015,5,28,4,Thursday,22,False,True,False,
878,2015-05-29,2015,5,29,5,Friday,22,False,True,False,
879,2015-05-30,2015,5,30,6,Saturday,22,True,False,False,
880,2015-05-31,2015,5,31,7,Sunday,22,True,False,False,
881,2015-06-01,2015,6,1,1,Monday,23,False,True,False,
882,2015-06-02,2015,6,2,2,Tuesday,23,False,True,False,
883,2015-06-03,2015,6,3,3,Wednesday,23,False,True,False,
884,2015-06-04,2015,6,4,4,Thursday,23,False,True,False,
885,2015-06-05,2015,6,5,5,Friday,23,False,True,False,
886,2015-06-06,2015,6,6,6,Saturday,23,True,False,False,
887,2015-06-07,2015,6,7,7,Sunday,23,True,False,False,
888,2015-06-08,2015,6,8,1,Monday,24,False,True,False,
889,2015-06-09,2015,6,9,2,Tuesday,24,False,True,False,
890,2015-06-10,2015,6,10,3,Wednesday,24,False,True,False,
891,2015-06-11,2015,6,11,4,Thursday,24,False,True,False,
892,2015-06-12,2015,6,12,5,Friday,24,False,False,True,День России
893,2015-06-13,2015,6,13,6,Saturday,24,True,False,False,
894,2015-06-14,2015,6,14,7,Sunday,24,True,False,False,
895,2015-06-15,2015,6,15,1,Monday,25,False,True,False,
896,2015-06-16,2015,6,16,2,Tuesday,25,False,True,False,
897,2015-06-17,2015,6,17,3,Wednesday,25,False,True,False,
898,2015-06-18,2015,6,18,4,Thursday,25,False,True,False,
899,2015-06-19,2015,6,19,5,Friday,25,False,True,False,
900,2015-06-20,2015,6,20,6,Saturday,25,True,False,False,
901,2015-06-21,2015,6,21,7,Sunday,25,True,False,False,
902,2015-06-22,2015,6,22,1,Monday,26,False,True,False,
903,2015-06-23,2015,6,23,2,Tuesday,26,False,True,False,
904,2015-06-24,2015,6,24,3,Wednesday,26,False,True,False,
905,2015-06-25,2015,6,25,4,Thursday,26,False,True,False,
906,2015-06-26,2015,6,26,5,Friday,26,False,True,False,
907,2015-06-27,2015,6,27,6,Saturday,26,True,False,False,
908,2015-06-28,2015,6,28,7,Sunday,26,True,False,False,
909,2015-06-29,2015,6,29,1,Monday,27,False,True,False,
910,2015-06-30,2015,6,30,2,Tuesday,27,False,True,False,
911,2015-07-01,2015,7,1,3,Wednesday,27,False,True,False,
912,2015-07-02,2015,7,2,4,Thursday,27,False,True,False,
913,2015-07-03,2015,7,3,5,Friday,27,False,True,False,
914,2015-07-04,2015,7,4,6,Saturday,27,True,False,False,
915,2015-07-05,2015,7,5,7,Sunday,27,True,False,False,
916,2015-07-06,2015,7,6,1,Monday,28,False,True,False,
917,2015-07-07,2015,7,7,2,Tuesday,28,False,True,False,
918,2015-07-08,2015,7,8,3,Wednesday,28,False,True,False,
919,2015-07-09,2015,7,9,4,Thursday,28,False,True,False,
920,2015-07-10,2015,7,10,5,Friday,28,False,True,False,
921,2015-07-11,2015,7,11,6,Saturday,28,True,False,False,
922,2015-07-12,2015,7,12,7,Sunday,28,True,False,False,
923,2015-07-13,2015,7,13,1,Monday,29,False,True,False,
924,2015-07-14,2015,7,14,2,Tuesday,29,False,True,False,
925,2015-07-15,2015,7,15,3,Wednesday,29,False,True,False,
926,2015-07-16,2015,7,16,4,Thursday,29,False,True,False,
927,2015-07-17,2015,7,17,5,Friday,29,False,True,False,
928,2015-07-18,2015,7,18,6,Saturday,29,True,False,False,
929,2015-07-19,2015,7,19,7,Sunday,29,True,False,False,
930,2015-07-20,2015,7,20,1,Monday,30,False,True,False,
931,2015-07-21,2015,7,21,2,Tuesday,30,False,True,False,
932,2015-07-22,2015,7,22,3,Wednesday,30,False,True,False,
933,2015-07-23,2015,7,23,4,Thursday,30,False,True,False,
934,2015-07-24,2015,7,24,5,Friday,30,False,True,False,
935,2015-07-25,2015,7,25,6,Saturday,30,True,False,False,
936,2015-07-26,2015,7,26,7,Sunday,30,True,False,False,
937,2015-07-27,2015,7,27,1,Monday,31,False,True,False,
938,2015-07-28,2015,7,28,2,Tuesday,31,False,True,False,
939,2015-07-29,2015,7,29,3,Wednesday,31,False,True,False,
940,2015-07-30,2015,7,30,4,Thursday,31,False,True,False,
941,2015-07-31,2015,7,31,5,Friday,31,False,True,False,
942,2015-08-01,2015,8,1,6,Saturday,31,True,False,False,
943,2015-08-02,2015,8,2,7,Sunday,31,True,False,False,
944,2015-08-03,2015,8,3,1,Monday,32,False,True,False,
945,2015-08-04,2015,8,4,2,Tuesday,32,False,True,False,
946,2015-08-05,2015,8,5,3,Wednesday,32,False,True,False,
947,2015-08-06,2015,8,6,4,Thursday,32,False,True,False,
948,2015-08-07,2015,8,7,5,Friday,32,False,True,False,
949,2015-08-08,2015,8,8,6,Saturday,32,True,False,False,
950,2015-08-09,2015,8,9,7,Sunday,32,True,False,False,
951,2015-08-10,2015,8,10,1,Monday,33,False,True,False,
952,2015-08-11,2015,8,11,2,Tuesday,33,False,True,False,
953,2015-08-12,2015,8,12,3,Wednesday,33,False,True,False,
954,2015-08-13,2015,8,13,4,Thursday,33,False,True,False,
955,2015-08-14,2015,8,14,5,Friday,33,False,True,False,
956,2015-08-15,2015,8,15,6,Saturday,33,True,False,False,
957,2015-08-16,2015,8,16,7,Sunday,33,True,False,False,
958,2015-08-17,2015,8,17,1,Monday,34,False,True,False,
959,2015-08-18,2015,8,18,2,Tuesday,34,False,True,False,
960,2015-08-19,2015,8,19,3,Wednesday,34,False,True,False,
961,2015-08-20,2015,8,20,4,Thursday,34,False,True,False,
962,2015-08-21,2015,8,21,5,Friday,34,False,True,False,
963,2015-08-22,2015,8,22,6,Saturday,34,True,False,False,
964,2015-08-23,2015,8,23,7,Sunday,34,True,False,False,
965,2015-08-24,2015,8,24,1,Monday,35,False,True,False,
966,2015-08-25,2015,8,25,2,Tuesday,35,False,True,False,
967,2015-08-26,2015,8,26,3,Wednesday,35,False,True,False,
968,2015-08-27,2015,8,27,4,Thursday,35,False,True,False,
969,2015-08-28,2015,8,28,5,Friday,35,False,True,False,
970,2015-08-29,2015,8,29,6,Saturday,35,True,False,False,
971,2015-08-30,2015,8,30,7,Sunday,35,True,False,False,
972,2015-08-31,2015,8,31,1,Monday,36,False,True,False,
973,2015-09-01,2015,9,1,2,Tuesday,36,False,True,False,
974,2015-09-02,2015,9,2,3,Wednesday,36,False,True,False,
975,2015-09-03,2015,9,3,4,Thursday,36,False,True,False,
976,2015-09-04,2015,9,4,5,Friday,36,False,True,False,
977,2015-09-05,2015,9,5,6,Saturday,36,True,False,False,
978,2015-09-06,2015,9,6,7,Sunday,36,True,False,False,
979,2015-09-07,2015,9,7,1,Monday,37,False,True,False,
980,2015-09-08,2015,9,8,2,Tuesday,37,False,True,False,
981,2015-09-09,2015,9,9,3,Wednesday,37,False,True,False,
982,2015-09-10,2015,9,10,4,Thursday,37,False,True,False,
983,2015-09-11,2015,9,11,5,Friday,37,False,True,False,
984,2015-09-12,2015,9,12,6,Saturday,37,True,False,False,
985,2015-09-13,2015,9,13,7,Sunday,37,True,False,False,
986,2015-09-14,2015,9,14,1,Monday,38,False,True,False,
987,2015-09-15,2015,9,15,2,Tuesday,38,False,True,False,
988,2015-09-16,2015,9,16,3,Wednesday,38,False,True,False,
989,2015-09-17,2015,9,17,4,Thursday,38,False,True,False,
990,2015-09-18,2015,9,18,5,Friday,38,False,True,False,
991,2015-09-19,2015,9,19,6,Saturday,38,True,False,False,
992,2015-09-20,2015,9,20,7,Sunday,38,True,False,False,
993,2015-09-21,2015,9,21,1,Monday,39,False,True,False,
994,2015-09-22,2015,9,22,2,Tuesday,39,False,True,False,
995,2015-09-23,2015,9,23,3,Wednesday,39,False,True,False,
996,2015-09-24,2015,9,24,4,Thursday,39,False,True,False,
997,2015-09-25,2015,9,25,5,Friday,39,False,True,False,
998,2015-09-26,2015,9,26,6,Saturday,39,True,False,False,
999,2015-09-27,2015,9,27,7,Sunday,39,True,False,False,
1000,2015-09-28,2015,9,28,1,Monday,40,False,True,False,
1001,2015-09-29,2015,9,29,2,Tuesday,40,False,True,False,
1002,2015-09-30,2015,9,30,3,Wednesday,40,False,True,False,
1003,2015-10-01,2015,10,1,4,Thursday,40,False,True,False,
1004,2015-10-02,2015,10,2,5,Friday,40,False,True,False,
1005,2015-10-03,2015,10,3,6,Saturday,40,True,False,False,
1006,2015-10-04,2015,10,4,7,Sunday,40,True,False,False,
1007,2015-10-05,2015,10,5,1,Monday,41,False,True,False,
1008,2015-10-06,2015,10,6,2,Tuesday,41,False,True,False,
1009,2015-10-07,2015,10,7,3,Wednesday,41,False,True,False,
1010,2015-10-08,2015,10,8,4,Thursday,41,False,True,False,
1011,2015-10-09,2015,10,9,5,Friday,41,False,True,False,
1012,2015-10-10,2015,10,10,6,Saturday,41,True,False,False,
1013,2015-10-11,2015,10,11,7,Sunday,41,True,False,False,
1014,2015-10-12,2015,10,12,1,Monday,42,False,True,False,
1015,2015-10-13,2015,10,13,2,Tuesday,42,False,True,False,
1016,2015-10-14,2015,10,14,3,Wednesday,42,False,True,False,
1017,2015-10-15,2015,10,15,4,Thursday,42,False,True,False,
1018,2015-10-16,2015,10,16,5,Friday,42,False,True,False,
1019,2015-10-17,2015,10,17,6,Saturday,42,True,False,False,
1020,2015-10-18,2015,10,18,7,Sunday,42,True,False,False,
1021,2015-10-19,2015,10,19,1,Monday,43,False,True,False,
1022,2015-10-20,2015,10,20,2,Tuesday,43,False,True,False,
1023,2015-10-21,2015,10,21,3,Wednesday,43,False,True,False,
1024,2015-10-22,2015,10,22,4,Thursday,43,False,True,False,
1025,2015-10-23,2015,10,23,5,Friday,43,False,True,False,
1026,2015-10-24,2015,10,24,6,Saturday,43,True,False,False,
1027,2015-10-25,2015,10,25,7,Sunday,43,True,False,False,
1028,2015-10-26,2015,10,26,1,Monday,44,False,True,False,
1029,2015-10-27,2015,10,27,2,Tuesday,44,False,True,False,
1030,2015-10-28,2015,10,28,3,Wednesday,44,False,True,False,
1031,2015-10-29,2015,10,29,4,Thursday,44,False,True,False,
1032,2015-10-30,2015,10,30,5,Friday,44,False,True,False,
1033,2015-10-31,2015,10,31,6,Saturday,44,True,False,False,
1034,2015-11-01,2015,11,1,7,Sunday,44,True,False,False,
1035,2015-11-02,2015,11,2,1,Monday,45,False,True,False,
1036,2015-11-03,2015,11,3,2,Tuesday,45,False,True,False,
1037,2015-11-04,2015,11,4,3,Wednesday,45,False,False,True,День народного единства
1038,2015-11-05,2015,11,5,4,Thursday,45,False,True,False,
1039,2015-11-06,2015,11,6,5,Friday,45,False,True,False,
1040,2015-11-07,2015,11,7,6,Saturday,45,True,False,False,
1041,2015-11-08,2015,11,8,7,Sunday,45,True,False,False,
1042,2015-11-09,2015,11,9,1,Monday,46,False,True,False,
1043,2015-11-10,2015,11,10,2,Tuesday,46,False,True,False,
1044,2015-11-11,2015,11,11,3,Wednesday,46,False,True,False,
1045,2015-11-12,2015,11,12,4,Thursday,46,False,True,False,
1046,2015-11-13,2015,11,13,5,Friday,46,False,True,False,
1047,2015-11-14,2015,11,14,6,Saturday,46,True,False,False,
1048,2015-11-15,2015,11,15,7,Sunday,46,True,False,False,
1049,2015-11-16,2015,11,16,1,Monday,47,False,True,False,
1050,2015-11-17,2015,11,17,2,Tuesday,47,False,True,False,
1051,2015-11-18,2015,11,18,3,Wednesday,47,False,True,False,
1052,2015-11-19,2015,11,19,4,Thursday,47,False,True,False,
1053,2015-11-20,2015,11,20,5,Friday,47,False,True,False,
1054,2015-11-21,2015,11,21,6,Saturday,47,True,False,False,
1055,2015-11-22,2015,11,22,7,Sunday,47,True,False,False,
1056,2015-11-23,2015,11,23,1,Monday,48,False,True,False,
1057,2015-11-24,2015,11,24,2,Tuesday,48,False,True,False,
1058,2015-11-25,2015,11,25,3,Wednesday,48,False,True,False,
1059,2015-11-26,2015,11,26,4,Thursday,48,False,True,False,
1060,2015-11-27,2015,11,27,5,Friday,48,False,True,False,
1061,2015-11-28,2015,11,28,6,Saturday,48,True,False,False,
1062,2015-11-29,2015,11,29,7,Sunday,48,True,False,False,
1063,2015-11-30,2015,11,30,1,Monday,49,False,True,False,
1064,2015-12-01,2015,12,1,2,Tuesday,49,False,True,False,
1065,2015-12-02,2015,12,2,3,Wednesday,49,False,True,False,
1066,2015-12-03,2015,12,3,4,Thursday,49,False,True,False,
1067,2015-12-04,2015,12,4,5,Friday,49,False,True,False,
1068,2015-12-05,2015,12,5,6,Saturday,49,True,False,False,
1069,2015-12-06,2015,12,6,7,Sunday,49,True,False,False,
1070,2015-12-07,2015,12,7,1,Monday,50,False,True,False,
1071,2015-12-08,2015,12,8,2,Tuesday,50,False,True,False,
1072,2015-12-09,2015,12,9,3,Wednesday,50,False,True,False,
1073,2015-12-10,2015,12,10,4,Thursday,50,False,True,False,
1074,2015-12-11,2015,12,11,5,Friday,50,False,True,False,
1075,2015-12-12,2015,12,12,6,Saturday,50,True,False,False,
1076,2015-12-13,2015,12,13,7,Sunday,50,True,False,False,
1077,2015-12-14,2015,12,14,1,Monday,51,False,True,False,
1078,2015-12-15,2015,12,15,2,Tuesday,51,False,True,False,
1079,2015-12-16,2015,12,16,3,Wednesday,51,False,True,False,
1080,2015-12-17,2015,12,17,4,Thursday,51,False,True,False,
1081,2015-12-18,2015,12,18,5,Friday,51,False,True,False,
1082,2015-12-19,2015,12,19,6,Saturday,51,True,False,False,
1083,2015-12-20,2015,12,20,7,Sunday,51,True,False,False,
1084,2015-12-21,2015,12,21,1,Monday,52,False,True,False,
1085,2015-12-22,2015,12,22,2,Tuesday,52,False,True,False,
1086,2015-12-23,2015,12,23,3,Wednesday,52,False,True,False,
1087,2015-12-24,2015,12,24,4,Thursday,52,False,True,False,
1088,2015-12-25,2015,12,25,5,Friday,52,False,True,False,
1089,2015-12-26,2015,12,26,6,Saturday,52,True,False,False,
1090,2015-12-27,2015,12,27,7,Sunday,52,True,False,False,
1091,2015-12-28,2015,12,28,1,Monday,53,False,True,False,
1092,2015-12-29,2015,12,29,2,Tuesday,53,False,True,False,
1093,2015-12-30,2015,12,30,3,Wednesday,53,False,True,False,
1094,2015-12-31,2015,12,31,4,Thursday,53,False,True,False,
